dataset,family,level,unit,n_frames,n_finite,n_visible,fov_pct,object_points,object_hits,box_pct,mean_shift_px
kitti,lateral,-0.100000000,m,20,2386369,375487,15.734657968,40156,39789,99.086064349,6.584707498
kitti,lateral,-0.050000000,m,20,2386369,375523,15.736166536,40156,39928,99.432214364,3.298160900
kitti,lateral,-0.020000000,m,20,2386369,375569,15.738094151,40156,39977,99.554238470,1.320797665
kitti,lateral,0.000000000,m,20,2386369,375604,15.739560814,40156,39981,99.564199621,0.000000000
kitti,lateral,0.020000000,m,20,2386369,375644,15.741237001,40156,39900,99.362486303,1.320759686
kitti,lateral,0.050000000,m,20,2386369,375697,15.743457948,40156,39724,98.924195637,3.298483864
kitti,lateral,0.100000000,m,20,2386369,375749,15.745636991,40156,39349,97.990337683,6.584835547
kitti,yaw,-3.000000000,deg,20,2386369,375070,15.717183721,40156,30107,74.975097121,45.834762609
kitti,yaw,-2.000000000,deg,20,2386369,375271,15.725606560,40156,33839,84.268851479,30.701440356
kitti,yaw,-1.000000000,deg,20,2386369,375386,15.730425596,40156,37958,94.526347246,15.423723523
kitti,yaw,-0.500000000,deg,20,2386369,375442,15.732772258,40156,39464,98.276720789,7.731128632
kitti,yaw,0.000000000,deg,20,2386369,375604,15.739560814,40156,39981,99.564199621,0.000000000
kitti,yaw,0.500000000,deg,20,2386369,375771,15.746558893,40156,39032,97.200916426,7.731889529
kitti,yaw,1.000000000,deg,20,2386369,375848,15.749785553,40156,37294,92.872796095,15.424226074
kitti,yaw,2.000000000,deg,20,2386369,375887,15.751419835,40156,33714,83.957565495,30.695898874
kitti,yaw,3.000000000,deg,20,2386369,376084,15.759675054,40156,30500,75.953780257,45.821874737
nuscenes,lateral,-0.100000000,m,80,2777504,242434,8.728484279,17084,16884,98.829313978,11.540747616
nuscenes,lateral,-0.050000000,m,80,2777504,242419,8.727944226,17084,16993,99.467337860,5.778639377
nuscenes,lateral,-0.020000000,m,80,2777504,242362,8.725892024,17084,17051,99.806836806,2.313489755
nuscenes,lateral,0.000000000,m,80,2777504,242382,8.726612095,17084,17075,99.947319129,0.000000000
nuscenes,lateral,0.020000000,m,80,2777504,242337,8.724991935,17084,17037,99.724888785,2.313311366
nuscenes,lateral,0.050000000,m,80,2777504,242362,8.725892024,17084,17002,99.520018731,5.779235132
nuscenes,lateral,0.100000000,m,80,2777504,242304,8.723803818,17084,16906,98.958089440,11.542807125
nuscenes,yaw,-3.000000000,deg,80,2777504,242619,8.735144936,17084,13169,77.083821119,77.044240401
nuscenes,yaw,-2.000000000,deg,80,2777504,242593,8.734208844,17084,14907,87.257082650,51.551845904
nuscenes,yaw,-1.000000000,deg,80,2777504,242434,8.728484279,17084,16383,95.896745493,25.874743956
nuscenes,yaw,-0.500000000,deg,80,2777504,242393,8.727008134,17084,16847,98.612737064,12.962536635
nuscenes,yaw,0.000000000,deg,80,2777504,242382,8.726612095,17084,17075,99.947319129,0.000000000
nuscenes,yaw,0.500000000,deg,80,2777504,242290,8.723299768,17084,16837,98.554202763,12.963155935
nuscenes,yaw,1.000000000,deg,80,2777504,242294,8.723443783,17084,16347,95.686022009,25.876645932
nuscenes,yaw,2.000000000,deg,80,2777504,242131,8.717575204,17084,14792,86.583938188,51.554073103
nuscenes,yaw,3.000000000,deg,80,2777504,241969,8.711742629,17084,12977,75.959962538,77.046979877
