dataset,family,level,range_band,n_objects,n_points,n_hits,box_pct
kitti,lateral,-0.100000000,"far [30,inf)",34,1720,1706,99.186046512
kitti,lateral,-0.100000000,"middle [10,30)",55,17244,17130,99.338900487
kitti,lateral,-0.100000000,"near [0,10)",18,21192,20953,98.872215931
kitti,lateral,-0.050000000,"far [30,inf)",34,1720,1714,99.651162791
kitti,lateral,-0.050000000,"middle [10,30)",55,17244,17188,99.675249362
kitti,lateral,-0.050000000,"near [0,10)",18,21192,21026,99.216685542
kitti,lateral,-0.020000000,"far [30,inf)",34,1720,1717,99.825581395
kitti,lateral,-0.020000000,"middle [10,30)",55,17244,17195,99.715843192
kitti,lateral,-0.020000000,"near [0,10)",18,21192,21065,99.400717252
kitti,lateral,0.000000000,"far [30,inf)",34,1720,1715,99.709302326
kitti,lateral,0.000000000,"middle [10,30)",55,17244,17183,99.646253769
kitti,lateral,0.000000000,"near [0,10)",18,21192,21083,99.485654964
kitti,lateral,0.020000000,"far [30,inf)",34,1720,1712,99.534883721
kitti,lateral,0.020000000,"middle [10,30)",55,17244,17169,99.565066110
kitti,lateral,0.020000000,"near [0,10)",18,21192,21019,99.183654209
kitti,lateral,0.050000000,"far [30,inf)",34,1720,1709,99.360465116
kitti,lateral,0.050000000,"middle [10,30)",55,17244,17127,99.321503132
kitti,lateral,0.050000000,"near [0,10)",18,21192,20888,98.565496414
kitti,lateral,0.100000000,"far [30,inf)",34,1720,1700,98.837209302
kitti,lateral,0.100000000,"middle [10,30)",55,17244,17007,98.625608907
kitti,lateral,0.100000000,"near [0,10)",18,21192,20642,97.404681012
kitti,yaw,-3.000000000,"far [30,inf)",34,1720,468,27.209302326
kitti,yaw,-3.000000000,"middle [10,30)",55,17244,11392,66.063558339
kitti,yaw,-3.000000000,"near [0,10)",18,21192,18247,86.103246508
kitti,yaw,-2.000000000,"far [30,inf)",34,1720,769,44.709302326
kitti,yaw,-2.000000000,"middle [10,30)",55,17244,13399,77.702389237
kitti,yaw,-2.000000000,"near [0,10)",18,21192,19671,92.822763307
kitti,yaw,-1.000000000,"far [30,inf)",34,1720,1235,71.802325581
kitti,yaw,-1.000000000,"middle [10,30)",55,17244,15930,92.379958246
kitti,yaw,-1.000000000,"near [0,10)",18,21192,20793,98.117214043
kitti,yaw,-0.500000000,"far [30,inf)",34,1720,1536,89.302325581
kitti,yaw,-0.500000000,"middle [10,30)",55,17244,16915,98.092090002
kitti,yaw,-0.500000000,"near [0,10)",18,21192,21013,99.155341638
kitti,yaw,0.000000000,"far [30,inf)",34,1720,1715,99.709302326
kitti,yaw,0.000000000,"middle [10,30)",55,17244,17183,99.646253769
kitti,yaw,0.000000000,"near [0,10)",18,21192,21083,99.485654964
kitti,yaw,0.500000000,"far [30,inf)",34,1720,1525,88.662790698
kitti,yaw,0.500000000,"middle [10,30)",55,17244,16720,96.961261888
kitti,yaw,0.500000000,"near [0,10)",18,21192,20787,98.088901472
kitti,yaw,1.000000000,"far [30,inf)",34,1720,1210,70.348837209
kitti,yaw,1.000000000,"middle [10,30)",55,17244,15722,91.173741591
kitti,yaw,1.000000000,"near [0,10)",18,21192,20362,96.083427709
kitti,yaw,2.000000000,"far [30,inf)",34,1720,749,43.546511628
kitti,yaw,2.000000000,"middle [10,30)",55,17244,13741,79.685687775
kitti,yaw,2.000000000,"near [0,10)",18,21192,19224,90.713476784
kitti,yaw,3.000000000,"far [30,inf)",34,1720,452,26.279069767
kitti,yaw,3.000000000,"middle [10,30)",55,17244,11941,69.247274414
kitti,yaw,3.000000000,"near [0,10)",18,21192,18107,85.442619857
nuscenes,lateral,-0.100000000,"far [30,inf)",23,373,373,100.000000000
nuscenes,lateral,-0.100000000,"middle [10,30)",223,9653,9585,99.295555786
nuscenes,lateral,-0.100000000,"near [0,10)",46,7058,6926,98.129781808
nuscenes,lateral,-0.050000000,"far [30,inf)",23,373,373,100.000000000
nuscenes,lateral,-0.050000000,"middle [10,30)",223,9653,9625,99.709934735
nuscenes,lateral,-0.050000000,"near [0,10)",46,7058,6995,99.107395863
nuscenes,lateral,-0.020000000,"far [30,inf)",23,373,373,100.000000000
nuscenes,lateral,-0.020000000,"middle [10,30)",223,9653,9646,99.927483684
nuscenes,lateral,-0.020000000,"near [0,10)",46,7058,7032,99.631623689
nuscenes,lateral,0.000000000,"far [30,inf)",23,373,373,100.000000000
nuscenes,lateral,0.000000000,"middle [10,30)",223,9653,9653,100.000000000
nuscenes,lateral,0.000000000,"near [0,10)",46,7058,7049,99.872485123
nuscenes,lateral,0.020000000,"far [30,inf)",23,373,373,100.000000000
nuscenes,lateral,0.020000000,"middle [10,30)",223,9653,9649,99.958562105
nuscenes,lateral,0.020000000,"near [0,10)",46,7058,7015,99.390762256
nuscenes,lateral,0.050000000,"far [30,inf)",23,373,372,99.731903485
nuscenes,lateral,0.050000000,"middle [10,30)",223,9653,9641,99.875686315
nuscenes,lateral,0.050000000,"near [0,10)",46,7058,6989,99.022385945
nuscenes,lateral,0.100000000,"far [30,inf)",23,373,372,99.731903485
nuscenes,lateral,0.100000000,"middle [10,30)",223,9653,9617,99.627058945
nuscenes,lateral,0.100000000,"near [0,10)",46,7058,6917,98.002266931
nuscenes,yaw,-3.000000000,"far [30,inf)",23,373,162,43.431635389
nuscenes,yaw,-3.000000000,"middle [10,30)",223,9653,7217,74.764321972
nuscenes,yaw,-3.000000000,"near [0,10)",46,7058,5790,82.034570700
nuscenes,yaw,-2.000000000,"far [30,inf)",23,373,244,65.415549598
nuscenes,yaw,-2.000000000,"middle [10,30)",223,9653,8307,86.056148348
nuscenes,yaw,-2.000000000,"near [0,10)",46,7058,6356,90.053839615
nuscenes,yaw,-1.000000000,"far [30,inf)",23,373,327,87.667560322
nuscenes,yaw,-1.000000000,"middle [10,30)",223,9653,9268,96.011602611
nuscenes,yaw,-1.000000000,"near [0,10)",46,7058,6788,96.174553698
nuscenes,yaw,-0.500000000,"far [30,inf)",23,373,362,97.050938338
nuscenes,yaw,-0.500000000,"middle [10,30)",223,9653,9564,99.078006837
nuscenes,yaw,-0.500000000,"near [0,10)",46,7058,6921,98.058940210
nuscenes,yaw,0.000000000,"far [30,inf)",23,373,373,100.000000000
nuscenes,yaw,0.000000000,"middle [10,30)",223,9653,9653,100.000000000
nuscenes,yaw,0.000000000,"near [0,10)",46,7058,7049,99.872485123
nuscenes,yaw,0.500000000,"far [30,inf)",23,373,369,98.927613941
nuscenes,yaw,0.500000000,"middle [10,30)",223,9653,9519,98.611830519
nuscenes,yaw,0.500000000,"near [0,10)",46,7058,6949,98.455653160
nuscenes,yaw,1.000000000,"far [30,inf)",23,373,345,92.493297587
nuscenes,yaw,1.000000000,"middle [10,30)",223,9653,9224,95.555785766
nuscenes,yaw,1.000000000,"near [0,10)",46,7058,6778,96.032870502
nuscenes,yaw,2.000000000,"far [30,inf)",23,373,269,72.117962466
nuscenes,yaw,2.000000000,"middle [10,30)",223,9653,8272,85.693566767
nuscenes,yaw,2.000000000,"near [0,10)",46,7058,6251,88.566166053
nuscenes,yaw,3.000000000,"far [30,inf)",23,373,184,49.329758713
nuscenes,yaw,3.000000000,"middle [10,30)",223,9653,7115,73.707655651
nuscenes,yaw,3.000000000,"near [0,10)",46,7058,5678,80.447718901
