dataset,frame_id,repeat,n_points,elapsed_ms
kitti,000001,1,120268,31.867200
kitti,000001,2,120268,32.632000
kitti,000001,3,120268,33.019200
kitti,000001,4,120268,31.286500
kitti,000001,5,120268,40.588800
kitti,000001,6,120268,41.967200
kitti,000001,7,120268,40.232100
kitti,000001,8,120268,35.339400
kitti,000001,9,120268,31.574400
kitti,000001,10,120268,32.610100
kitti,000001,11,120268,31.035800
kitti,000001,12,120268,31.413200
kitti,000001,13,120268,30.116500
kitti,000001,14,120268,30.187800
kitti,000001,15,120268,34.587600
kitti,000001,16,120268,31.507100
kitti,000001,17,120268,34.746400
kitti,000001,18,120268,31.669800
kitti,000001,19,120268,32.175300
kitti,000001,20,120268,29.900800
kitti,000001,21,120268,31.768700
kitti,000001,22,120268,31.905300
kitti,000001,23,120268,30.430500
kitti,000001,24,120268,31.509500
kitti,000001,25,120268,32.489100
kitti,000001,26,120268,29.446700
kitti,000001,27,120268,30.772300
kitti,000001,28,120268,32.296900
kitti,000001,29,120268,31.665700
kitti,000001,30,120268,31.745200
nuscenes,scene-0103_000,1,34752,7.680900
nuscenes,scene-0103_000,2,34752,7.431400
nuscenes,scene-0103_000,3,34752,6.780900
nuscenes,scene-0103_000,4,34752,6.377200
nuscenes,scene-0103_000,5,34752,6.536100
nuscenes,scene-0103_000,6,34752,7.407600
nuscenes,scene-0103_000,7,34752,6.845900
nuscenes,scene-0103_000,8,34752,7.838100
nuscenes,scene-0103_000,9,34752,7.341500
nuscenes,scene-0103_000,10,34752,7.354900
nuscenes,scene-0103_000,11,34752,7.646100
nuscenes,scene-0103_000,12,34752,6.807500
nuscenes,scene-0103_000,13,34752,7.261000
nuscenes,scene-0103_000,14,34752,7.430800
nuscenes,scene-0103_000,15,34752,7.223900
nuscenes,scene-0103_000,16,34752,7.399100
nuscenes,scene-0103_000,17,34752,7.286500
nuscenes,scene-0103_000,18,34752,7.364200
nuscenes,scene-0103_000,19,34752,7.931600
nuscenes,scene-0103_000,20,34752,7.146900
nuscenes,scene-0103_000,21,34752,8.359300
nuscenes,scene-0103_000,22,34752,6.958400
nuscenes,scene-0103_000,23,34752,10.374400
nuscenes,scene-0103_000,24,34752,7.180000
nuscenes,scene-0103_000,25,34752,7.658800
nuscenes,scene-0103_000,26,34752,7.132600
nuscenes,scene-0103_000,27,34752,7.785800
nuscenes,scene-0103_000,28,34752,7.919300
nuscenes,scene-0103_000,29,34752,7.343000
nuscenes,scene-0103_000,30,34752,7.109200
